engine,version,run,pp512_tok_s,tg128_tok_s
bobcat,18782cf,1,1162.01,118.32
bobcat,18782cf,2,1177.35,115.94
bobcat,18782cf,3,1177.68,119.46
bobcat,18782cf,4,1153.5,120.46
bobcat,18782cf,5,1170.81,120.59
llama.cpp,4da6337,1,1265.463385,115.068652
llama.cpp,4da6337,2,1266.862243,117.874574
llama.cpp,4da6337,3,1252.184545,116.191079
llama.cpp,4da6337,4,1268.762463,115.344342
llama.cpp,4da6337,5,1266.458654,117.474554
mlx-lm,0.31.3,1,1314.765,133.879
mlx-lm,0.31.3,2,1322.728,135.998
mlx-lm,0.31.3,3,1324.452,135.739
mlx-lm,0.31.3,4,1322.92,135.47
mlx-lm,0.31.3,5,1324.973,134.476
mistral.rs,2370966,1,43.4,95.6
mistral.rs,2370966,2,42.0,95.7
mistral.rs,2370966,3,42.9,95.0
mistral.rs,2370966,4,43.9,95.6
mistral.rs,2370966,5,43.3,95.8
candle,5ba5d5b,1,47.15,90.59
candle,5ba5d5b,2,45.3,90.73
candle,5ba5d5b,3,45.62,88.08
candle,5ba5d5b,4,46.14,91.17
candle,5ba5d5b,5,45.67,90.65
