engine,version,run,ttft_ms,tpot_ms
bobcat,d0d5fda,1,1140.99525,20.589281
bobcat,d0d5fda,2,1136.412125,20.608571
bobcat,d0d5fda,3,1130.130041,20.347698
bobcat,d0d5fda,4,1133.753625,20.974148
bobcat,d0d5fda,5,1149.169209,20.788106
mlx-lm,0.31.3,1,1247.224167,20.928675
mlx-lm,0.31.3,2,1227.164624,20.232599
mlx-lm,0.31.3,3,1246.603166,20.556234
mlx-lm,0.31.3,4,1242.010333,20.716319
mlx-lm,0.31.3,5,1244.016458,20.31229
llama.cpp,4da6337,1,1151.039291,22.884833
llama.cpp,4da6337,2,1133.090333,23.308983
llama.cpp,4da6337,3,1135.642375,22.663958
llama.cpp,4da6337,4,1133.956833,22.706013
llama.cpp,4da6337,5,1130.233834,22.643281
mistral.rs,2370966,1,1991.08,26.01
mistral.rs,2370966,2,2130.9,26.17
mistral.rs,2370966,3,2147.11,25.93
mistral.rs,2370966,4,1999.53,25.83
mistral.rs,2370966,5,2165.27,25.84
